"variable","tipo_en_R"
"hotel","character"
"is_canceled","numeric"
"lead_time","numeric"
"arrival_date_year","numeric"
"arrival_date_month","character"
"arrival_date_week_number","numeric"
"arrival_date_day_of_month","numeric"
"stays_in_weekend_nights","numeric"
"stays_in_week_nights","numeric"
"adults","numeric"
"children","numeric"
"babies","numeric"
"meal","character"
"country","character"
"market_segment","character"
"distribution_channel","character"
"is_repeated_guest","numeric"
"previous_cancellations","numeric"
"previous_bookings_not_canceled","numeric"
"reserved_room_type","character"
"assigned_room_type","character"
"booking_changes","numeric"
"deposit_type","character"
"agent","numeric"
"company","numeric"
"days_in_waiting_list","numeric"
"customer_type","character"
"adr","numeric"
"required_car_parking_spaces","numeric"
"total_of_special_requests","numeric"
"reservation_status","character"
"reservation_status_date","Date"
