"hotel","market_segment","reservas","tasa_cancelacion"
"City Hotel","No definido",2,100
"City Hotel","Online TA",34994,36.1
"City Hotel","Groups",2635,33.8
"City Hotel","Aviation",227,19.8
"City Hotel","Offline TA/TO",7271,17.3
"City Hotel","Direct",5559,16.4
"City Hotel","Corporate",2227,11.9
"City Hotel","Complementary",513,11.1
"Resort Hotel","Online TA",16624,33.8
"Resort Hotel","Groups",2307,19.3
"Resort Hotel","Complementary",189,16.4
"Resort Hotel","Direct",6245,13.2
"Resort Hotel","Corporate",1985,12.4
"Resort Hotel","Offline TA/TO",6618,12.1
