"fecha_mes","hotel","reservas"
2015-07-01,"City Hotel",395
2015-07-01,"Resort Hotel",1279
2015-08-01,"City Hotel",1107
2015-08-01,"Resort Hotel",1346
2015-09-01,"City Hotel",1672
2015-09-01,"Resort Hotel",1167
2015-10-01,"City Hotel",1559
2015-10-01,"Resort Hotel",1141
2015-11-01,"City Hotel",797
2015-11-01,"Resort Hotel",868
2015-12-01,"City Hotel",1020
2015-12-01,"Resort Hotel",962
2016-01-01,"City Hotel",1030
2016-01-01,"Resort Hotel",819
2016-02-01,"City Hotel",1661
2016-02-01,"Resort Hotel",1145
2016-03-01,"City Hotel",2368
2016-03-01,"Resort Hotel",1463
2016-04-01,"City Hotel",2413
2016-04-01,"Resort Hotel",1357
2016-05-01,"City Hotel",2343
2016-05-01,"Resort Hotel",1437
2016-06-01,"City Hotel",2285
2016-06-01,"Resort Hotel",1232
2016-07-01,"City Hotel",2487
2016-07-01,"Resort Hotel",1364
2016-08-01,"City Hotel",2816
2016-08-01,"Resort Hotel",1607
2016-09-01,"City Hotel",2568
2016-09-01,"Resort Hotel",1283
2016-10-01,"City Hotel",2649
2016-10-01,"Resort Hotel",1585
2016-11-01,"City Hotel",2145
2016-11-01,"Resort Hotel",1185
2016-12-01,"City Hotel",1994
2016-12-01,"Resort Hotel",1155
2017-01-01,"City Hotel",1700
2017-01-01,"Resort Hotel",1144
2017-02-01,"City Hotel",1944
2017-02-01,"Resort Hotel",1348
2017-03-01,"City Hotel",2488
2017-03-01,"Resort Hotel",1194
2017-04-01,"City Hotel",2667
2017-04-01,"Resort Hotel",1471
2017-05-01,"City Hotel",3070
2017-05-01,"Resort Hotel",1505
2017-06-01,"City Hotel",2720
2017-06-01,"Resort Hotel",1528
2017-07-01,"City Hotel",2862
2017-07-01,"Resort Hotel",1670
2017-08-01,"City Hotel",2668
2017-08-01,"Resort Hotel",1713
